{
  "resources": [
    {
      "path": "data.csv",
      "name": "data",
      "profile": "tabular-data-resource",
      "scheme": "file",
      "format": "csv",
      "hashing": "md5",
      "encoding": "utf-8",
      "schema": {
        "fields": [
          {
            "name": "Bundesland",
            "type": "string",
            "constraints": {
              "enum": [
                "",
                "Germany",
                "Brandenburg",
                "Berlin",
                "Baden-Wuerttemberg",
                "Bavaria",
                "Bremen",
                "Hesse",
                "Hamburg",
                "Mecklenburg Western Pomerania",
                "Lower Saxony",
                "North Rhine-Westphalia",
                "Rhineland Palatinate",
                "Schleswig-Holstein",
                "Saarland",
                "Saxony",
                "Saxony-Anhalt",
                "Thuringia"
              ]
            },
            "title": "Region"
          },
          {
            "name": "GeoCode",
            "type": "string",
            "title": "GeoCode"
          },
          {
            "name": "Kreis",
            "type": "string",
            "constraints": {
              "enum": [
                "",
                "ahrweiler",
                "aichach-friedberg",
                "alb-donau-kreis",
                "altenburger land",
                "altenkirchen (westerwald)",
                "altmarkkreis salzwedel",
                "altötting",
                "alzey-worms",
                "amberg, stadt",
                "amberg-sulzbach",
                "ammerland",
                "anhalt-bitterfeld",
                "ansbach",
                "ansbach, stadt",
                "aschaffenburg",
                "aschaffenburg, stadt",
                "augsburg",
                "augsburg, stadt",
                "aurich",
                "bad dürkheim",
                "bad kissingen",
                "bad kreuznach",
                "bad tölz-wolfratshausen",
                "baden-baden, stadt",
                "bamberg",
                "bamberg, stadt",
                "barnim",
                "bautzen",
                "bayreuth",
                "bayreuth, stadt",
                "berchtesgadener land",
                "bergstraße",
                "berlin, stadt",
                "bernkastel-wittlich",
                "biberach",
                "bielefeld, stadt",
                "birkenfeld",
                "bochum, stadt",
                "bodenseekreis",
                "bonn, stadt",
                "borken",
                "bottrop, stadt",
                "brandenburg an der havel, stadt",
                "braunschweig, stadt",
                "breisgau-hochschwarzwald",
                "bremen, stadt",
                "bremerhaven, stadt",
                "burgenlandkreis",
                "böblingen",
                "börde",
                "calw",
                "celle",
                "cham",
                "chemnitz, stadt",
                "cloppenburg",
                "coburg",
                "coburg, stadt",
                "cochem-zell",
                "coesfeld",
                "cottbus, stadt",
                "cuxhaven",
                "dachau",
                "dahme-spreewald",
                "darmstadt, stadt",
                "darmstadt-dieburg",
                "deggendorf",
                "delmenhorst, stadt",
                "dessau-roßlau, stadt",
                "diepholz",
                "dillingen an der donau",
                "dingolfing-landau",
                "dithmarschen",
                "donau-ries",
                "donnersbergkreis",
                "dortmund, stadt",
                "dresden, stadt",
                "duisburg, stadt",
                "düren",
                "düsseldorf, stadt",
                "ebersberg",
                "eichsfeld",
                "eichstätt",
                "eifelkreis bitburg-prüm",
                "eisenach, stadt",
                "elbe-elster",
                "emden, stadt",
                "emmendingen",
                "emsland",
                "ennepe-ruhr-kreis",
                "enzkreis",
                "erding",
                "erfurt, stadt",
                "erlangen, stadt",
                "erlangen-höchstadt",
                "erzgebirgskreis",
                "essen, stadt",
                "esslingen",
                "euskirchen",
                "flensburg, stadt",
                "forchheim",
                "frankenthal (pfalz), stadt",
                "frankfurt (oder), stadt",
                "frankfurt am main, stadt",
                "freiburg im breisgau, stadt",
                "freising",
                "freudenstadt",
                "freyung-grafenau",
                "friesland",
                "fulda",
                "fürstenfeldbruck",
                "fürth",
                "fürth, stadt",
                "garmisch-partenkirchen",
                "gelsenkirchen, stadt",
                "gera, stadt",
                "germersheim",
                "gießen",
                "gifhorn",
                "goslar",
                "gotha",
                "grafschaft bentheim",
                "greiz",
                "groß-gerau",
                "göppingen",
                "görlitz",
                "göttingen",
                "günzburg",
                "gütersloh",
                "hagen, stadt",
                "halle (saale), stadt",
                "hamburg",
                "hameln-pyrmont",
                "hamm, stadt",
                "harburg",
                "harz",
                "havelland",
                "haßberge",
                "heidekreis",
                "heidelberg, stadt",
                "heidenheim",
                "heilbronn",
                "heilbronn, stadt",
                "heinsberg",
                "helmstedt",
                "herford",
                "herne, stadt",
                "hersfeld-rotenburg",
                "herzogtum lauenburg",
                "hildburghausen",
                "hildesheim",
                "hochsauerlandkreis",
                "hochtaunuskreis",
                "hof",
                "hof, stadt",
                "hohenlohekreis",
                "holzminden",
                "höxter",
                "ilm-kreis",
                "ingolstadt, stadt",
                "jena, stadt",
                "jerichower land",
                "kaiserslautern",
                "kaiserslautern, stadt",
                "karlsruhe",
                "karlsruhe, stadt",
                "kassel",
                "kassel, stadt",
                "kaufbeuren, stadt",
                "kelheim",
                "kempten (allgäu), stadt",
                "kiel, stadt",
                "kitzingen",
                "kleve",
                "koblenz, stadt",
                "konstanz",
                "krefeld, stadt",
                "kronach",
                "kulmbach",
                "kusel",
                "kyffhäuserkreis",
                "köln, stadt",
                "lahn-dill-kreis",
                "landau in der pfalz, stadt",
                "landsberg am lech",
                "landshut",
                "landshut, stadt",
                "leer",
                "leipzig",
                "leipzig, stadt",
                "leverkusen, stadt",
                "lichtenfels",
                "limburg-weilburg",
                "lindau (bodensee)",
                "lippe",
                "ludwigsburg",
                "ludwigshafen am rhein, stadt",
                "ludwigslust-parchim",
                "lörrach",
                "lübeck, stadt",
                "lüchow-dannenberg",
                "lüneburg",
                "magdeburg, stadt",
                "main-kinzig-kreis",
                "main-spessart",
                "main-tauber-kreis",
                "main-taunus-kreis",
                "mainz, stadt",
                "mainz-bingen",
                "mannheim, stadt",
                "mansfeld-südharz",
                "marburg-biedenkopf",
                "mayen-koblenz",
                "mecklenburgische seenplatte",
                "meißen",
                "memmingen, stadt",
                "merzig-wadern",
                "mettmann",
                "miesbach",
                "miltenberg",
                "minden-lübbecke",
                "mittelsachsen",
                "märkisch-oderland",
                "märkischer kreis",
                "mönchengladbach, stadt",
                "mühldorf am inn",
                "mülheim an der ruhr, stadt",
                "münchen",
                "münchen, stadt",
                "münster, stadt",
                "neckar-odenwald-kreis",
                "neu-ulm",
                "neuburg-schrobenhausen",
                "neumarkt in der oberpfalz",
                "neumünster, stadt",
                "neunkirchen",
                "neustadt an der aisch-bad windsheim",
                "neustadt an der waldnaab",
                "neustadt an der weinstraße, stadt",
                "neuwied",
                "nienburg (weser)",
                "nordfriesland",
                "nordhausen",
                "nordsachsen",
                "nordwestmecklenburg",
                "northeim",
                "nürnberg, stadt",
                "nürnberger land",
                "oberallgäu",
                "oberbergischer kreis",
                "oberhausen, stadt",
                "oberhavel",
                "oberspreewald-lausitz",
                "odenwaldkreis",
                "oder-spree",
                "offenbach",
                "offenbach am main, stadt",
                "oldenburg",
                "oldenburg (oldenburg), stadt",
                "olpe",
                "ortenaukreis",
                "osnabrück",
                "osnabrück, stadt",
                "ostalbkreis",
                "ostallgäu",
                "osterholz",
                "osterode am harz",
                "ostholstein",
                "ostprignitz-ruppin",
                "paderborn",
                "passau",
                "passau, stadt",
                "peine",
                "pfaffenhofen an der ilm",
                "pforzheim, stadt",
                "pinneberg",
                "pirmasens, stadt",
                "plön",
                "potsdam, stadt",
                "potsdam-mittelmark",
                "prignitz",
                "rastatt",
                "ravensburg",
                "recklinghausen",
                "regen",
                "regensburg",
                "regensburg, stadt",
                "region hannover",
                "rems-murr-kreis",
                "remscheid, stadt",
                "rendsburg-eckernförde",
                "reutlingen",
                "rhein-erft-kreis",
                "rhein-hunsrück-kreis",
                "rhein-kreis neuss",
                "rhein-lahn-kreis",
                "rhein-neckar-kreis",
                "rhein-pfalz-kreis",
                "rhein-sieg-kreis",
                "rheingau-taunus-kreis",
                "rheinisch-bergischer kreis",
                "rhön-grabfeld",
                "rosenheim",
                "rosenheim, stadt",
                "rostock",
                "rostock, stadt",
                "rotenburg (wümme)",
                "roth",
                "rottal-inn",
                "rottweil",
                "saale-holzland-kreis",
                "saale-orla-kreis",
                "saalekreis",
                "saalfeld-rudolstadt",
                "saarbrücken, regionalverband",
                "saarlouis",
                "saarpfalz-kreis",
                "salzgitter, stadt",
                "salzlandkreis",
                "schaumburg",
                "schleswig-flensburg",
                "schmalkalden-meiningen",
                "schwabach, stadt",
                "schwalm-eder-kreis",
                "schwandorf",
                "schwarzwald-baar-kreis",
                "schweinfurt",
                "schweinfurt, stadt",
                "schwerin, stadt",
                "schwäbisch hall",
                "segeberg",
                "siegen-wittgenstein",
                "sigmaringen",
                "soest",
                "solingen, stadt",
                "sonneberg",
                "speyer, stadt",
                "spree-neiße",
                "st. wendel",
                "stade",
                "starnberg",
                "steinburg",
                "steinfurt",
                "stendal",
                "stormarn",
                "straubing, stadt",
                "straubing-bogen",
                "stuttgart, stadt",
                "städteregion aachen",
                "suhl, stadt",
                "sächsische schweiz-osterzgebirge",
                "sömmerda",
                "südliche weinstraße",
                "südwestpfalz",
                "teltow-fläming",
                "tirschenreuth",
                "traunstein",
                "trier, stadt",
                "trier-saarburg",
                "tuttlingen",
                "tübingen",
                "uckermark",
                "uelzen",
                "ulm, stadt",
                "unna",
                "unstrut-hainich-kreis",
                "unterallgäu",
                "vechta",
                "verden",
                "viersen",
                "vogelsbergkreis",
                "vogtlandkreis",
                "vorpommern-greifswald",
                "vorpommern-rügen",
                "vulkaneifel",
                "waldeck-frankenberg",
                "waldshut",
                "warendorf",
                "wartburgkreis",
                "weiden in der oberpfalz, stadt",
                "weilheim-schongau",
                "weimar, stadt",
                "weimarer land",
                "weißenburg-gunzenhausen",
                "werra-meißner-kreis",
                "wesel",
                "wesermarsch",
                "westerwaldkreis",
                "wetteraukreis",
                "wiesbaden, stadt",
                "wilhelmshaven, stadt",
                "wittenberg",
                "wittmund",
                "wolfenbüttel",
                "wolfsburg, stadt",
                "worms, stadt",
                "wunsiedel im fichtelgebirge",
                "wuppertal, stadt",
                "würzburg",
                "würzburg, stadt",
                "zollernalbkreis",
                "zweibrücken, stadt",
                "zwickau"
              ]
            },
            "title": "Kreis"
          },
          {
            "name": "Units",
            "type": "string",
            "constraints": {
              "enum": [
                "",
                "Percentage"
              ]
            },
            "title": "Units"
          },
          {
            "name": "Value",
            "type": "number",
            "title": "Value"
          },
          {
            "name": "Year",
            "type": "integer",
            "title": "Year"
          },
          {
            "name": "age",
            "type": "string",
            "constraints": {
              "enum": [
                "",
                "0- to 2-year-olds",
                "3- to 5-year-olds"
              ]
            },
            "title": "Age group"
          },
          {
            "name": "display",
            "type": "string",
            "constraints": {
              "enum": [
                "",
                "Time series",
                "Target"
              ]
            },
            "title": "Display"
          }
        ]
      }
    }
  ],
  "profile": "data-package",
  "name": "4-2-ab",
  "title": "Ganztagsbetreuung für Kinder"
}